{"cameraMode":{"drawMode":0,"name":"Shaded","section":"Shading Mode"},"sceneLighting":true,"audioPlay":false,"sceneViewState":{"m_AlwaysRefresh":false,"showFog":true,"showSkybox":true,"showFlares":true,"showImageEffects":true,"showParticleSystems":true,"showVisualEffectGraphs":true,"m_FxEnabled":true},"in2DMode":false,"pivot":{"x":8.621617317199707,"y":-16.85750389099121,"z":63.13386917114258},"rotation":{"x":0.1529521644115448,"y":0.07845412194728852,"z":-0.011191582307219506,"w":0.9854466915130615},"size":41.410396575927737,"orthographic":false}