{"cameraMode":{"drawMode":0,"name":"Shaded","section":"Shading Mode"},"sceneLighting":true,"audioPlay":false,"sceneViewState":{"m_AlwaysRefresh":false,"showFog":true,"showSkybox":true,"showFlares":true,"showImageEffects":true,"showParticleSystems":true,"showVisualEffectGraphs":true,"m_FxEnabled":true},"in2DMode":false,"pivot":{"x":3.2325711250305177,"y":21.295286178588868,"z":52.299442291259769},"rotation":{"x":-0.11354101449251175,"y":0.8732462525367737,"z":-0.3180752098560333,"w":-0.35196852684020998},"size":8.021512031555176,"orthographic":false}