{"cameraMode":{"drawMode":0,"name":"Shaded","section":"Shading Mode"},"sceneLighting":true,"audioPlay":false,"sceneViewState":{"m_AlwaysRefresh":false,"showFog":true,"showSkybox":true,"showFlares":true,"showImageEffects":true,"showParticleSystems":true,"showVisualEffectGraphs":true,"m_FxEnabled":true},"in2DMode":false,"pivot":{"x":-14.87061882019043,"y":-9.714531898498536,"z":25.958711624145509},"rotation":{"x":-0.02209632471203804,"y":-0.9645035862922669,"z":0.2625266909599304,"w":-0.030716586858034135},"size":27.039989471435548,"orthographic":false}